{"_step":2571,"_timestamp":1.7522209501915896e+09,"loss_ctc_val":25.058223724365234,"wer_train":1,"decoder_acc_step":0.908730149269104,"loss_val":4.602680206298828,"decoder_acc_val":0.8867515921592712,"loss_ctc":16.05709457397461,"epoch":115,"decoder_acc_epoch":0.9017304182052612,"_runtime":67249,"loss_att_val":2.3298423290252686,"loss_att":2.1854395866394043,"_wandb":{"runtime":67249},"monitoring_step":6799,"lr-AdamW":0.0008825031364165019,"loss_epoch":3.5726048946380615,"loss_step":4.403642654418945,"trainer/global_step":6799,"wer_val":1}