{"monitoring_step":599,"loss_step":4.1871232986450195,"_step":43,"decoder_acc_step":0.8449198007583618,"loss_ctc":17.645097732543945,"_runtime":7298,"loss_att_val":2.5667660236358643,"lr-AdamW":0.0009999333991754025,"_wandb":{"runtime":7298},"loss_val":4.253082752227783,"decoder_acc_val":0.8807513117790222,"_timestamp":1.752093427462115e+09,"decoder_acc_epoch":0.8830061554908752,"epoch":10,"loss_ctc_val":19.429927825927734,"loss_epoch":4.0983567237854,"trainer/global_step":599,"loss_att":2.5931618213653564}