{"_step":1761,"loss_ctc":14.55240535736084,"loss_att_val":2.6942639350891113,"_runtime":250017,"loss_val":3.933089256286621,"loss_att":1.6945730447769165,"decoder_acc_epoch":0.930286169052124,"trainer/global_step":23849,"loss_ctc_val":15.082520484924316,"loss_epoch":2.980355978012085,"epoch":404,"_wandb":{"runtime":250017},"lr-AdamW":0.0003841295676854549,"decoder_acc_val":0.8828607201576233,"loss_step":2.5361223220825195,"monitoring_step":23849,"_timestamp":1.753076143667426e+09,"decoder_acc_step":0.9223300814628601}