{"lr-AdamW":0.0001694915254237288,"trainer/global_step":58,"loss_att_val":11.939336776733398,"_step":3,"loss_epoch":25.295196533203125,"loss_step":13.217672348022461,"decoder_acc_step":0.4399999976158142,"decoder_acc_val":0.6088465452194214,"loss_ctc_val":25.676502227783203,"_wandb":{"runtime":720},"loss_ctc":45.49265670776367,"loss_att":23.051036834716797,"epoch":0,"decoder_acc_epoch":0.32454121112823486,"_runtime":720,"_timestamp":1.7521499337098596e+09,"loss_val":13.313051223754883,"monitoring_step":49}