{"loss_epoch":2.7046685218811035,"loss_ctc":14.155462265014648,"_step":2179,"loss_att":1.4323575496673584,"loss_val":4.903099536895752,"epoch":499,"_runtime":349943,"loss_ctc_val":16.734464645385742,"lr-AdamW":0,"decoder_acc_epoch":0.9416788816452026,"decoder_acc_step":0.934108555316925,"loss_step":3.528744697570801,"loss_att_val":3.58850359916687,"monitoring_step":29499,"decoder_acc_val":0.8825587034225464,"_timestamp":1.7542604516439776e+09,"_wandb":{"runtime":349943},"trainer/global_step":29499}