{"decoder_acc_val":0.8818260431289673,"wer_train":0,"epoch":4,"_wandb":{"runtime":2402},"decoder_acc_epoch":0.8756197690963745,"_timestamp":1.7521539025276859e+09,"trainer/global_step":249,"_step":89,"loss_val":4.300988674163818,"loss_ctc":19.29352569580078,"_runtime":2402,"loss_epoch":4.700666904449463,"loss_att_val":2.805535316467285,"loss_step":4.050899982452393,"loss_att":3.079237222671509,"decoder_acc_step":0.9265734553337097,"lr-AdamW":0.000847457627118644,"monitoring_step":249,"wer_val":0,"loss_ctc_val":17.760072708129883}